{"cameraMode":{"drawMode":0,"name":"Shaded","section":"Shading Mode"},"sceneLighting":true,"audioPlay":false,"sceneViewState":{"showFog":true,"showMaterialUpdate":false,"showSkybox":true,"showFlares":true,"showImageEffects":true,"showParticleSystems":true},"in2DMode":false,"pivot":{"x":-5.712677478790283,"y":-6.570350646972656,"z":-7.325233459472656},"rotation":{"x":-0.11876603960990906,"y":0.88038170337677,"z":-0.30333560705184939,"w":-0.3447134494781494},"size":18.134798049926759,"orthographic":false}